{"description": "", "citation": "", "homepage": "", "license": "", "features": {"id": {"dtype": "string", "id": null, "_type": "Value"}, "sentence": {"feature": {"dtype": "string", "id": null, "_type": "Value"}, "length": -1, "id": null, "_type": "Sequence"}, "lid": {"feature": {"dtype": "string", "id": null, "_type": "Value"}, "length": -1, "id": null, "_type": "Sequence"}, "bio_tag": {"feature": {"dtype": "string", "id": null, "_type": "Value"}, "length": -1, "id": null, "_type": "Sequence"}}, "post_processed": null, "supervised_keys": null, "task_templates": null, "builder_name": "json", "config_name": "default", "version": {"version_str": "0.0.0", "description": null, "major": 0, "minor": 0, "patch": 0}, "splits": {"train": {"name": "train", "num_bytes": 478480, "num_examples": 1243, "dataset_name": "json"}, "validation": {"name": "validation", "num_bytes": 122213, "num_examples": 314, "dataset_name": "json"}}, "download_checksums": {"/media/omkar/Data/BITS Study Material/4-1/CodeMix/multitask/data/lince/ner/train.json": {"num_bytes": 1096143, "checksum": "201613d6b2fa0a359df5e7dc2ba270885d41aac9bc651d6a5117194e4eef6316"}, "/media/omkar/Data/BITS Study Material/4-1/CodeMix/multitask/data/lince/ner/val.json": {"num_bytes": 279303, "checksum": "407bc4bf93658709e632e1fb55fb29e09b2a931789f4d04107bcd2567f20bc5e"}}, "download_size": 1375446, "post_processing_size": null, "dataset_size": 600693, "size_in_bytes": 1976139}